{"$schema":"http://schema.management.azure.com/schemas/2015-01-01/deploymentTemplate.json#","contentVersion":"1.0.0.0","parameters":{"workspaceName":{"type":"string","metadata":"Workspace name","defaultValue":"saweastus2"},"DataverseSQLDB":{"type":"string"},"DataverseSynapseServerlessDB":{"type":"string"}},"variables":{"workspaceId":"[concat('Microsoft.Synapse/workspaces/', parameters('workspaceName'))]"},"resources":[{"name":"[concat(parameters('workspaceName'), '/Sync Orchestration')]","type":"Microsoft.Synapse/workspaces/pipelines","apiVersion":"2019-06-01-preview","properties":{"activities":[{"name":"Get tables to process","description":"Get a list of tables that need to be synchronized from a control table.","type":"Lookup","dependsOn":[{"activity":"Auto-Populate List of Tables to Sync","dependencyConditions":["Succeeded"]}],"policy":{"timeout":"7.00:00:00","retry":0,"retryIntervalInSeconds":30,"secureOutput":false,"secureInput":false},"userProperties":[],"typeProperties":{"source":{"type":"AzureSqlSource","sqlReaderStoredProcedureName":"[[orchestration].[GetTablesToProcess]","queryTimeout":"02:00:00","partitionOption":"None"},"dataset":{"referenceName":"DataverseSQLDB","type":"DatasetReference","parameters":{"SchemaName":"n/a","TableName":"n/a"}},"firstRowOnly":false}},{"name":"For each table","description":"Determine whether to perform a full or an incremental copy and execute an appropriate child pipeline.","type":"ForEach","dependsOn":[{"activity":"Get tables to process","dependencyConditions":["Succeeded"]}],"userProperties":[],"typeProperties":{"items":{"value":"@activity('Get tables to process').output.value","type":"Expression"},"isSequential":false,"activities":[{"name":"Separate Full Copy from Incremental Copy Tables","type":"IfCondition","dependsOn":[],"userProperties":[],"typeProperties":{"expression":{"value":"@item().IsIncremental","type":"Expression"},"ifFalseActivities":[{"name":"Execute Full Copy Pipeline","type":"ExecutePipeline","dependsOn":[],"userProperties":[],"typeProperties":{"pipeline":{"referenceName":"Table Full Copy","type":"PipelineReference"},"waitOnCompletion":true,"parameters":{"SourceSchema":{"value":"@item().SourceSchema","type":"Expression"},"SourceTable":{"value":"@item().SourceTable","type":"Expression"},"TargetSchema":{"value":"@item().TargetSchema","type":"Expression"},"TargetTable":{"value":"@item().TargetTable","type":"Expression"},"TableId":{"value":"@item().TableId","type":"Expression"}}}}],"ifTrueActivities":[{"name":"Execute Incremental Copy Pipeline","type":"ExecutePipeline","dependsOn":[],"userProperties":[],"typeProperties":{"pipeline":{"referenceName":"Table Incremental Copy","type":"PipelineReference"},"waitOnCompletion":true,"parameters":{"SourceSchema":{"value":"@item().SourceSchema","type":"Expression"},"SourceTable":{"value":"@item().SourceTable","type":"Expression"},"TargetSchema":{"value":"@item().TargetSchema","type":"Expression"},"TargetTable":{"value":"@item().TargetTable","type":"Expression"},"LowWatermark":{"value":"@item().LowWatermark","type":"Expression"},"HighWatermark":{"value":"@item().HighWatermark","type":"Expression"},"KeyColumnName":{"value":"@item().KeyColumnName","type":"Expression"},"TableId":{"value":"@item().TableId","type":"Expression"},"GeneratePrimaryKey":{"value":"@and(pipeline().parameters.AutoGeneratePrimaryKeys, item().NeedsPrimaryKey)","type":"Expression"}}}}]}}]}},{"name":"Auto-Populate List of Tables to Sync","description":"Check pipeline parameter setting to determine whether to auto-populate list of tables to sync.","type":"IfCondition","dependsOn":[],"userProperties":[],"typeProperties":{"expression":{"value":"@pipeline().parameters.AutoPopulateListOfTablesToSync","type":"Expression"},"ifTrueActivities":[{"name":"Populate List of Tables to Sync","type":"ExecutePipeline","dependsOn":[],"userProperties":[],"typeProperties":{"pipeline":{"referenceName":"Populate List of Tables to Sync","type":"PipelineReference"},"waitOnCompletion":true,"parameters":{}}}]}}],"policy":{"elapsedTimeMetric":{},"cancelAfter":{}},"parameters":{"AutoPopulateListOfTablesToSync":{"type":"bool","defaultValue":true},"AutoGeneratePrimaryKeys":{"type":"bool","defaultValue":true}},"folder":{"name":"Dataverse - Synapse Serverless to SQLDB"},"annotations":[],"lastPublishTime":"2022-08-17T13:26:11Z"},"dependsOn":["[concat(variables('workspaceId'), '/datasets/DataverseSQLDB')]","[concat(variables('workspaceId'), '/pipelines/Populate List of Tables to Sync')]","[concat(variables('workspaceId'), '/pipelines/Table Full Copy')]","[concat(variables('workspaceId'), '/pipelines/Table Incremental Copy')]"]},{"name":"[concat(parameters('workspaceName'), '/DataverseSQLDB')]","type":"Microsoft.Synapse/workspaces/datasets","apiVersion":"2019-06-01-preview","properties":{"linkedServiceName":{"referenceName":"[parameters('DataverseSQLDB')]","type":"LinkedServiceReference"},"parameters":{"SchemaName":{"type":"string"},"TableName":{"type":"string"}},"annotations":[],"type":"AzureSqlTable","schema":[],"typeProperties":{"schema":{"value":"@dataset().SchemaName","type":"Expression"},"table":{"value":"@dataset().TableName","type":"Expression"}}},"dependsOn":[]},{"name":"[concat(parameters('workspaceName'), '/Populate List of Tables to Sync')]","type":"Microsoft.Synapse/workspaces/pipelines","apiVersion":"2019-06-01-preview","properties":{"description":"Identify tables in the source database that have the suffixes of \"_partitioned\" or \"Metadata\", determine whether they appear to be suitable for incremental or full copy behavior and load them into the orchestration.ProcessingControl table.\n\nNote: review the list of tables in the orchestration.ProcessingControl table to ensure that the list matches your requirements.","activities":[{"name":"Copy list of tables to process","description":"Identify tables in the source database that have the suffixes of \"_partitioned\" and certain metadata tables, determine whether they appear to be suitable for incremental or full copy behavior and upsert them into the orchestration.ProcessingControl table.","type":"Copy","dependsOn":[],"policy":{"timeout":"7.00:00:00","retry":0,"retryIntervalInSeconds":30,"secureOutput":false,"secureInput":false},"userProperties":[],"typeProperties":{"source":{"type":"AzureSqlSource","sqlReaderQuery":"--Get a list of tables with the suffixes of \"_partitioned\" and certain metadata tables from the dbo schema\nSELECT T.TABLE_SCHEMA AS SourceSchema,\n\tT.TABLE_NAME AS SourceTable,\n\t'dbo' AS TargetSchema,\n\tREPLACE(T.TABLE_NAME, '_partitioned', '') AS TargetTable,\n\t--If the table contains columns Id and IsDeleted, treat it as an incrementally-updated table with a KeyColumnName of Id\n\t--Otherwise, assume that it requires a full refresh\n\tCASE WHEN \n\t\tSUM(CASE WHEN C.COLUMN_NAME = 'Id' THEN 1 ELSE 0 END) = 1 \n\t\tAND SUM(CASE WHEN C.COLUMN_NAME = 'IsDelete' THEN 1 ELSE 0 END) = 1\n\t\tTHEN 'Id' END AS KeyColumnName,\n\tCAST(CASE WHEN \n\t\tSUM(CASE WHEN C.COLUMN_NAME = 'Id' THEN 1 ELSE 0 END) = 1 \n\t\tAND SUM(CASE WHEN C.COLUMN_NAME = 'IsDelete' THEN 1 ELSE 0 END) = 1\n\t\tTHEN 1 \n\t\tELSE 0 END AS BIT) AS IsIncremental\nFROM INFORMATION_SCHEMA.TABLES T\n\tJOIN INFORMATION_SCHEMA.COLUMNS C\n\t\tON T.TABLE_SCHEMA= C.TABLE_SCHEMA\n\t\tAND T.TABLE_NAME = C.TABLE_NAME\nWHERE T.TABLE_SCHEMA = 'dbo'\n\tAND (T.TABLE_NAME LIKE '%_partitioned' \n\tOR T.TABLE_NAME IN ('StateMetadata', 'StatusMetadata', 'TargetMetadata', 'OptionsetMetadata', 'GlobalOptionsetMetadata'))\nGROUP BY T.TABLE_SCHEMA,\n\tT.TABLE_NAME","queryTimeout":"02:00:00","partitionOption":"None"},"sink":{"type":"AzureSqlSink","writeBehavior":"upsert","upsertSettings":{"useTempDB":false,"keys":["SourceSchema","SourceTable"],"interimSchemaName":"staging"},"sqlWriterUseTableLock":false,"disableMetricsCollection":false},"enableStaging":false,"translator":{"type":"TabularTranslator","typeConversion":true,"typeConversionSettings":{"allowDataTruncation":true,"treatBooleanAsNumber":false}}},"inputs":[{"referenceName":"DataverseSynapseServerlessDB","type":"DatasetReference","parameters":{"TableName":"n/a","SchemaName":"n/a"}}],"outputs":[{"referenceName":"DataverseSQLDB","type":"DatasetReference","parameters":{"SchemaName":"orchestration","TableName":"ProcessingControl"}}]}],"policy":{"elapsedTimeMetric":{},"cancelAfter":{}},"folder":{"name":"Dataverse - Synapse Serverless to SQLDB"},"annotations":[],"lastPublishTime":"2022-08-17T13:26:04Z"},"dependsOn":["[concat(variables('workspaceId'), '/datasets/DataverseSynapseServerlessDB')]","[concat(variables('workspaceId'), '/datasets/DataverseSQLDB')]"]},{"name":"[concat(parameters('workspaceName'), '/Table Full Copy')]","type":"Microsoft.Synapse/workspaces/pipelines","apiVersion":"2019-06-01-preview","properties":{"description":"Perform a full copy of a table (truncate and reload the destination table)","activities":[{"name":"Copy Data","description":"Retrieve data from the source table and load it into the destination table. Truncate data from the destination table (if it exists) or create a new table (if it does not exist). Log the start of a sync process.","type":"Copy","dependsOn":[],"policy":{"timeout":"7.00:00:00","retry":0,"retryIntervalInSeconds":30,"secureOutput":false,"secureInput":false},"userProperties":[],"typeProperties":{"source":{"type":"AzureSqlSource","queryTimeout":"02:00:00","partitionOption":"None"},"sink":{"type":"AzureSqlSink","preCopyScript":{"value":"@{concat('INSERT INTO [orchestration].[ProcessingLog]\n           ([TableId],\n           [PipelineRunId],\n           [ProcessingStarted])\n     VALUES\n           (''', string(pipeline().parameters.TableId), ''',\n           ''', pipeline().RunId, ''',\n           ''', string(pipeline().TriggerTime), ''')\n           \nIF OBJECT_ID(''[',pipeline().parameters.TargetSchema,'].[',pipeline().parameters.TargetTable,']'', ''U'') IS NOT NULL\nTRUNCATE TABLE [',pipeline().parameters.TargetSchema,'].[',pipeline().parameters.TargetTable,']')}","type":"Expression"},"writeBehavior":"insert","sqlWriterUseTableLock":false,"tableOption":"autoCreate","disableMetricsCollection":false},"enableStaging":false,"translator":{"type":"TabularTranslator","typeConversion":true,"typeConversionSettings":{"allowDataTruncation":true,"treatBooleanAsNumber":false}}},"inputs":[{"referenceName":"DataverseSynapseServerlessDB","type":"DatasetReference","parameters":{"TableName":{"value":"@pipeline().parameters.SourceTable","type":"Expression"},"SchemaName":{"value":"@pipeline().parameters.SourceSchema","type":"Expression"}}}],"outputs":[{"referenceName":"DataverseSQLDB","type":"DatasetReference","parameters":{"SchemaName":{"value":"@pipeline().parameters.TargetSchema","type":"Expression"},"TableName":{"value":"@pipeline().parameters.TargetTable","type":"Expression"}}}]},{"name":"Log successful processing end","description":"Update a log record to indicate successful completion of the sync process.","type":"Script","dependsOn":[{"activity":"Copy Data","dependencyConditions":["Succeeded"]}],"policy":{"timeout":"7.00:00:00","retry":0,"retryIntervalInSeconds":30,"secureOutput":false,"secureInput":false},"userProperties":[],"linkedServiceName":{"referenceName":"[parameters('DataverseSQLDB')]","type":"LinkedServiceReference"},"typeProperties":{"scripts":[{"type":"Query","text":{"value":"@concat('\nUPDATE orchestration.ProcessingLog\nSET ProcessingEnded = GETUTCDATE()\nWHERE TableId = ', string(pipeline().parameters.TableId),' \n    AND PipelineRunId = ''', pipeline().RunId, '''')","type":"Expression"}}]}}],"policy":{"elapsedTimeMetric":{},"cancelAfter":{}},"parameters":{"SourceSchema":{"type":"string","defaultValue":"dbo"},"SourceTable":{"type":"string"},"TargetSchema":{"type":"string","defaultValue":"dbo"},"TargetTable":{"type":"string"},"TableId":{"type":"int"}},"folder":{"name":"Dataverse - Synapse Serverless to SQLDB"},"annotations":[],"lastPublishTime":"2022-08-16T04:45:49Z"},"dependsOn":["[concat(variables('workspaceId'), '/datasets/DataverseSynapseServerlessDB')]","[concat(variables('workspaceId'), '/datasets/DataverseSQLDB')]"]},{"name":"[concat(parameters('workspaceName'), '/Table Incremental Copy')]","type":"Microsoft.Synapse/workspaces/pipelines","apiVersion":"2019-06-01-preview","properties":{"description":"Perform an incremental copy of a table (upsert)","activities":[{"name":"Copy and Upsert Data","description":"Retrieve and de-duplicate data from the source table and upsert it into the destination table. Create the destination table if it does not exist. Log the start of a sync process.","type":"Copy","dependsOn":[],"policy":{"timeout":"7.00:00:00","retry":0,"retryIntervalInSeconds":30,"secureOutput":false,"secureInput":false},"userProperties":[],"typeProperties":{"source":{"type":"AzureSqlSource","sqlReaderQuery":{"value":"@replace(replace(replace(replace(replace('\n--Get a set of latest records from a table modified between specific watermark dates\n\n; WITH CurrentRecord AS (\nSELECT [KeyColumnName], MAX(SinkModifiedOn) AS SinkModifiedOn\nFROM [SourceSchema].[SourceTable]\nWHERE SinkModifiedOn >= ''1900-01-01'' \n\tAND SinkModifiedOn < ''2999-12-31''\nGROUP BY [KeyColumnName]\n)\n\nSELECT BaseTable.*\nFROM [SourceSchema].[SourceTable] AS BaseTable\n\tJOIN CurrentRecord\n\t\tON BaseTable.[KeyColumnName] = CurrentRecord.[KeyColumnName]\n\t\tAND BaseTable.SinkModifiedOn = CurrentRecord.SinkModifiedOn\n', \n'SourceSchema', pipeline().parameters.SourceSchema),\n'SourceTable', pipeline().parameters.SourceTable),\n\n'1900-01-01', pipeline().parameters.LowWatermark),\n'2099-12-31', pipeline().parameters.HighWatermark),\n'KeyColumnName', pipeline().parameters.KeyColumnName)","type":"Expression"},"queryTimeout":"02:00:00","partitionOption":"None"},"sink":{"type":"AzureSqlSink","preCopyScript":{"value":"@{concat('INSERT INTO [orchestration].[ProcessingLog]\n           ([TableId],\n           [PipelineRunId],\n           [ProcessingStarted],\n           [LowWatermark],\n           [HighWatermark])\n     VALUES\n           (''', string(pipeline().parameters.TableId), ''',\n           ''', pipeline().RunId, ''',\n           ''', string(pipeline().TriggerTime), ''',\n           ''', pipeline().parameters.LowWatermark, ''',\n           ''', pipeline().parameters.HighWatermark, ''')')}","type":"Expression"},"writeBehavior":"upsert","upsertSettings":{"useTempDB":false,"keys":{"value":"@array(pipeline().parameters.KeyColumnName)","type":"Expression"},"interimSchemaName":"staging"},"sqlWriterUseTableLock":false,"tableOption":"autoCreate","disableMetricsCollection":false},"enableStaging":false,"translator":{"type":"TabularTranslator","typeConversion":true,"typeConversionSettings":{"allowDataTruncation":true,"treatBooleanAsNumber":false}}},"inputs":[{"referenceName":"DataverseSynapseServerlessDB","type":"DatasetReference","parameters":{"TableName":"n/a","SchemaName":"n/a"}}],"outputs":[{"referenceName":"DataverseSQLDB","type":"DatasetReference","parameters":{"SchemaName":{"value":"@pipeline().parameters.TargetSchema","type":"Expression"},"TableName":{"value":"@pipeline().parameters.TargetTable","type":"Expression"}}}]},{"name":"Log successful processing end","description":"Update a log record to indicate successful completion of the sync process.","type":"Script","dependsOn":[{"activity":"Copy and Upsert Data","dependencyConditions":["Succeeded"]}],"policy":{"timeout":"7.00:00:00","retry":0,"retryIntervalInSeconds":30,"secureOutput":false,"secureInput":false},"userProperties":[],"linkedServiceName":{"referenceName":"[parameters('DataverseSQLDB')]","type":"LinkedServiceReference"},"typeProperties":{"scripts":[{"type":"Query","text":{"value":"@concat('\nUPDATE orchestration.ProcessingLog\nSET ProcessingEnded = GETUTCDATE()\nWHERE TableId = ', string(pipeline().parameters.TableId),' \n    AND PipelineRunId = ''', pipeline().RunId, '''')","type":"Expression"}}]}},{"name":"Add a primary key to the target table","description":"If requested and necessary, add a primary key to the target table.","type":"IfCondition","dependsOn":[{"activity":"Log successful processing end","dependencyConditions":["Succeeded"]}],"userProperties":[],"typeProperties":{"expression":{"value":"@pipeline().parameters.GeneratePrimaryKey","type":"Expression"},"ifTrueActivities":[{"name":"Generate Primary Key","type":"SqlServerStoredProcedure","dependsOn":[],"policy":{"timeout":"7.00:00:00","retry":0,"retryIntervalInSeconds":30,"secureOutput":false,"secureInput":false},"userProperties":[],"typeProperties":{"storedProcedureName":"[[orchestration].[GeneratePrimaryKey]","storedProcedureParameters":{"KeyColumn":{"value":{"value":"@pipeline().parameters.KeyColumnName","type":"Expression"},"type":"String"},"Schema":{"value":{"value":"@pipeline().parameters.TargetSchema","type":"Expression"},"type":"String"},"Table":{"value":{"value":"@pipeline().parameters.TargetTable","type":"Expression"},"type":"String"}}},"linkedServiceName":{"referenceName":"[parameters('DataverseSQLDB')]","type":"LinkedServiceReference"}}]}}],"policy":{"elapsedTimeMetric":{},"cancelAfter":{}},"parameters":{"SourceSchema":{"type":"string","defaultValue":"dbo"},"SourceTable":{"type":"string"},"TargetSchema":{"type":"string","defaultValue":"dbo"},"TargetTable":{"type":"string"},"LowWatermark":{"type":"string","defaultValue":"1900-01-01"},"HighWatermark":{"type":"string","defaultValue":"2999-12-31"},"KeyColumnName":{"type":"string","defaultValue":"Id"},"TableId":{"type":"int"},"GeneratePrimaryKey":{"type":"bool"}},"folder":{"name":"Dataverse - Synapse Serverless to SQLDB"},"annotations":[],"lastPublishTime":"2022-08-16T04:45:46Z"},"dependsOn":["[concat(variables('workspaceId'), '/datasets/DataverseSynapseServerlessDB')]","[concat(variables('workspaceId'), '/datasets/DataverseSQLDB')]"]},{"name":"[concat(parameters('workspaceName'), '/DataverseSynapseServerlessDB')]","type":"Microsoft.Synapse/workspaces/datasets","apiVersion":"2019-06-01-preview","properties":{"linkedServiceName":{"referenceName":"[parameters('DataverseSynapseServerlessDB')]","type":"LinkedServiceReference"},"parameters":{"TableName":{"type":"string"},"SchemaName":{"type":"string"}},"annotations":[],"type":"AzureSqlTable","schema":[],"typeProperties":{"schema":{"value":"@dataset().SchemaName","type":"Expression"},"table":{"value":"@dataset().TableName","type":"Expression"}}},"dependsOn":[]}]}